{
  "project_info": {
    "project_id": "iems5722-1268",
    "project_number": "839932362576",
    "name": "IEMS5722"
  },
  "client": [
    {
      "client_info": {
        "mobilesdk_app_id": "1:839932362576:android:69eeaf066cbd38d8",
        "client_id": "android:hk.edu.cuhk.ie.iems5722",
        "client_type": 1,
        "android_client_info": {
          "package_name": "hk.edu.cuhk.ie.iems5722",
          "certificate_hash": []
        }
      },
      "oauth_client": [],
      "api_key": [],
      "services": {
        "analytics_service": {
          "status": 1
        },
        "cloud_messaging_service": {
          "status": 2,
          "apns_config": []
        },
        "appinvite_service": {
          "status": 1,
          "other_platform_oauth_client": []
        },
        "google_signin_service": {
          "status": 1
        },
        "ads_service": {
          "status": 1
        }
      }
    },
    {
      "client_info": {
        "mobilesdk_app_id": "1:839932362576:android:8b80169f636c779a",
        "client_id": "android:hk.edu.cuhk.ie.iems5722.a2_1155072356",
        "client_type": 1,
        "android_client_info": {
          "package_name": "hk.edu.cuhk.ie.iems5722.a2_1155072356",
          "certificate_hash": []
        }
      },
      "oauth_client": [],
      "api_key": [],
      "services": {
        "analytics_service": {
          "status": 1
        },
        "cloud_messaging_service": {
          "status": 2,
          "apns_config": []
        },
        "appinvite_service": {
          "status": 1,
          "other_platform_oauth_client": []
        },
        "google_signin_service": {
          "status": 1
        },
        "ads_service": {
          "status": 1
        }
      }
    }
  ],
  "client_info": [],
  "ARTIFACT_VERSION": "1"
}